,Generated from ..\Calc\Specs_Gen.xlsm,,,,,
,Solar,Wind,Nuclear,Gas,Coal,Battery
Capital,1.502,1.489,7.861,0.868,4.103,1.744
Fixed,0,0,0.044571897,0,0.130641766,0
Variable,0,0,0,0,23.28,0
CO2_gen,7.05479E-08,1.33931E-08,1.54324E-08,4.9604E-07,9.51295E-07,3.62546E-08
Lifetime,25,25,60,35,35,15
Max_PCT,0.024849306,0.013272599,0.019602988,0.065921648,0.005793315,0.008197181
Efficiency,,,,,,0.85
Hours,,,,,,4
